category,mean,sum,count
A,11.75,47,4
B,15.666666666666666,47,3
C,27.666666666666668,83,3
